point_index,image_id,nearest_edge_id,nearest_osm_id,nearest_highway,nearest_name,nearest_distance_m,second_edge_id,second_osm_id,second_highway,second_name,second_distance_m,distance_margin_m,candidate_count_within_threshold,candidate_relationship,bridge_layer_or_tunnel_tag_present,lon,lat
329,1011967059336106,E03141,887295434,primary,Atatürk Bulvarı,3.6189326438612817,E02094,304098911,primary_link,,5.006687923391209,1.3877552795299275,5,closely spaced non-intersecting streets,True,28.95343780517578,41.01051968732608
451,1018104808724307,E03141,887295434,primary,Atatürk Bulvarı,3.6258668630729707,E02094,304098911,primary_link,,4.24486825010189,0.619001387028919,4,closely spaced non-intersecting streets,True,28.95344853401184,41.01033753015935
4240,1138108369933697,E03141,887295434,primary,Atatürk Bulvarı,3.346996154646854,E02094,304098911,primary_link,,4.28549401076769,0.9384978561208359,4,closely spaced non-intersecting streets,True,28.95344853401184,41.010284906884095
4291,1138850623283962,E03141,887295434,primary,Atatürk Bulvarı,3.2580820115750884,E02094,304098911,primary_link,,3.7839974483336,0.5259154367585115,4,closely spaced non-intersecting streets,True,28.95345389842987,41.01019180406337
9936,133407222076293,E02094,304098911,primary_link,,0.33562797098279507,E03141,887295434,primary,Atatürk Bulvarı,1.738220642871412,1.402592671888617,7,closely spaced non-intersecting streets,True,28.9534592628479,41.009851775252656
13101,140508924729194,E03141,887295434,primary,Atatürk Bulvarı,3.44082828169261,E02094,304098911,primary_link,,4.272993758567742,0.8321654768751325,4,closely spaced non-intersecting streets,True,28.95344853401184,41.010301098665565
15344,1457535621254840,E02094,304098911,primary_link,,3.264837618800802,E03141,887295434,primary,Atatürk Bulvarı,3.3099164183797245,0.04507879957892236,4,closely spaced non-intersecting streets,True,28.9534592628479,41.01012298885044
17412,153183793367777,E01545,229363543,pedestrian,Bestekar Basri Sokağı,11.542594658903937,E02843,485171483,pedestrian,Uzunçarşı Caddesi;Mercan Caddesi,13.395588713557519,1.852994054653582,4,closely spaced non-intersecting streets,False,28.96772861480713,41.01693939380726
19509,160676082662045,E03043,753363624,primary,15 Temmuz Şehitleri Caddesi,5.129171181145809,E03557,91265209,unclassified,Haşim İşcan Alt Geçidi,5.276569357556865,0.14739817641105635,9,closely spaced non-intersecting streets,True,28.95459651947021,41.01454725600345
20476,163775292320250,E00532,1227938536,pedestrian,Vasif Cinar Caddesi,4.904705361033759,E01101,183293393,pedestrian,Mahmutpaşa Yokuşu,6.591965860760245,1.6872604997264862,4,closely spaced non-intersecting streets,False,28.97015869617462,41.01465654338051
29357,1973730339443612,E03141,887295434,primary,Atatürk Bulvarı,3.1358737374227403,E02094,304098911,primary_link,,4.29116694687181,1.1552932094490695,4,closely spaced non-intersecting streets,True,28.95344853401184,41.01024847536121
33052,214924750171307,E03141,887295434,primary,Atatürk Bulvarı,3.4335286371334717,E02094,304098911,primary_link,,4.655466540782159,1.2219379036486875,4,closely spaced non-intersecting streets,True,28.95344316959381,41.01039015339256
10,1000418614118496,E03949,95033317,residential,Vodina Caddesi,4.857802842172832,E03998,95039301,residential,,6.127206494313346,1.2694036521405136,3,intersecting candidate streets,False,28.948781490325928,41.03141179592154
20,1000619454010681,E01404,228487957,tertiary,Yokuş Çeşmesi Sokağı,5.299324784702162,E02632,332674656,tertiary,Koca Mustafapaşa Caddesi,6.806456111925777,1.5071313272236146,3,intersecting candidate streets,False,28.94195795059204,41.00688454461658
28,1000758483794574,E03235,89224267,tertiary,Hacı Kadın Caddesi,1.7310588571044323,E03232,89224152,tertiary,Ali Fakih Caddesi,3.150271892402351,1.4192130352979189,2,intersecting candidate streets,False,28.925671577453613,40.9992249906837
45,1001181443952879,E02973,677315597,primary_link,,4.16213902924187,E00708,1427527457,pedestrian,,5.800488886538318,1.6383498572964479,6,intersecting candidate streets,False,28.95167827606201,41.00921624050869
50,1001266397365555,E03922,932881558,secondary,Haliç Caddesi,0.9528424406647019,E03923,932881559,residential,,1.178802811929114,0.22596037126441215,2,intersecting candidate streets,False,28.951141834259037,41.02297804220237
56,1001372864005228,E02207,329427624,tertiary,Altı Mermer Caddesi,4.410155566198545,E03319,91087344,residential,,4.839900261170083,0.42974469497153756,3,intersecting candidate streets,False,28.931320309638977,41.0078520465037
119,1003824487107762,E02299,329592075,residential,Haydar İmareti Sokağı,2.099627855081627,E02618,332620902,tertiary,Nevşehirli İbrahim Paşa Caddesi,2.3712392300945035,0.27161137501287635,5,intersecting candidate streets,False,28.95382404327393,41.02193791234353
123,1003888993482144,E00397,1144466566,primary,Atatürk Bulvarı,0.6260750009059179,E02079,304076228,residential,Hacı Kadın Caddesi,0.7659362305550544,0.1398612296491365,4,intersecting candidate streets,False,28.958399891853333,41.0192181177257
125,1003941170011968,E01419,228490310,secondary,Küçük Langa Caddesi,2.9979273258409864,E03188,89223741,residential,Şarap Sokağı,4.55962418044009,1.5616968545991035,2,intersecting candidate streets,False,28.932178616523743,41.00029381909255
133,1004167326793948,E01103,183295201,pedestrian,Cakmakçılar Yokuşu,3.7270471325541266,E01102,183294301,pedestrian,Sandelyeciler Sokağı,4.6003993387981374,0.8733522062440109,3,intersecting candidate streets,False,28.96897852420807,41.01340579922993
148,1004461486754430,E02822,4741940,residential,Siyavuş Paşa Sokağı,18.91829347628807,E00806,1465114511,residential,Siyavuş Paşa Sokağı,18.919597532785414,0.001304056497342998,2,intersecting candidate streets,False,28.96633923053741,41.01575750239891
164,1005158053353604,E02349,329653583,residential,Yıldırım Caddesi,2.8390892209176335,E01561,229371010,residential,,3.013031075472246,0.17394185455461253,3,intersecting candidate streets,False,28.951141834259037,41.030048061553
22,1000691167418555,E03303,910632856,primary,Kadir Has Caddesi,3.362769677733102,E03903,931813832,primary,Kadir Has Caddesi,4.524611676776937,1.1618419990438347,6,separate candidate streets,False,28.96070659160614,41.02350012453854
26,1000708194051055,E02903,561590397,trunk_link,,3.5184173250547692,E02816,469405656,trunk,,4.687797573982074,1.1693802489273049,4,separate candidate streets,False,28.95173192024231,41.00207920970797
32,1000951080676297,E02849,485179716,primary,Şehzadebaşı Caddesi,4.445136656057478,E02794,432870062,primary,Şehzadebaşı Caddesi,6.344643118395612,1.8995064623381337,2,separate candidate streets,False,28.957321643829346,41.01313864691622
49,1001260853741664,E02817,469405657,trunk,,4.486480510647184,E02818,469405658,trunk,,5.998113910136813,1.5116333994896287,4,separate candidate streets,False,28.954639434814453,41.00333421724682
93,1002910743446494,E03907,931815219,primary,Atatürk Bulvarı,5.004623280302908,E03284,90888385,primary,Atatürk Bulvarı,6.01246707284738,1.007843792544472,3,separate candidate streets,False,28.960658311843872,41.02197838462962
230,1008254143040070,E01161,183697660,primary,Ragıp Gümüşpala Caddesi,5.839760072157167,E01163,183697896,primary,Ragıp Gümüşpala Caddesi,7.060382480272452,1.2206224081152843,7,separate candidate streets,False,28.96245002746582,41.02148462104003
380,1014353602642042,E03247,89292752,secondary,Kızılelma Caddesi,2.5167990009437498,E03246,89292745,secondary,Kızılelma Caddesi,3.4605184538111966,0.9437194528674469,4,separate candidate streets,False,28.937097787857056,41.00814755680028
381,1014458482631510,E03101,83477314,trunk,Kennedy Caddesi,7.292057169289867,E02894,561590386,trunk,Kennedy Caddesi,9.256688652491434,1.9646314832015666,5,separate candidate streets,False,28.93048346042633,40.99470252110427
422,1016386492434110,E03284,90888385,primary,Atatürk Bulvarı,5.242318511239911,E03907,931815219,primary,Atatürk Bulvarı,5.914428423653421,0.6721099124135099,4,separate candidate streets,False,28.960765600204468,41.022051234681925
449,1018029352058663,E03547,91264115,primary_link,Unkapanı Köprülü Kavşağı,6.304343160880779,E03548,91264122,primary_link,Unkapanı Köprülü Kavşağı,7.90740132708505,1.6030581662042707,2,separate candidate streets,False,28.96217107772827,41.02218074568705
656,1030492551052410,E02070,303877427,service,,18.0402125043259,E01162,183697894,primary,Reşadiye Caddesi,18.823971844956407,0.7837593406305068,2,separate candidate streets,False,28.976526260375977,41.01669654113928
708,1034692270601948,E02873,4885642,pedestrian,Ayasofya Meydanı,12.98221509770539,E03931,932895832,unclassified,,13.60744012992679,0.6252250322213992,6,separate candidate streets,False,28.978500366210938,41.00805849904222
